"name","benefits","ingredients","benefits_of_ingredients","description","price","reviews"
"Hydration Serum","Boosts hydration with advanced hyaluronic acid technology, Reinforces skin barrier to prevent moisture loss, Visibly plumps and smooths fine lines over time","Hyaluronic Acid, Aloe Vera, Niacinamide","Hyaluronic Acid: Retains moisture for deep hydration., Aloe Vera: Soothes and calms skin irritation., Niacinamide: Strengthens the skin barrier and reduces redness.","A lightweight, fast-absorbing serum that restores and retains essential moisture for a dewy, plump complexion. Infused with hyaluronic acid and botanical extracts, it boosts skin elasticity and combats dryness, leaving your skin soft and radiant.","$45.00","Sophia Lee: This serum has completely transformed my skin! It feels so lightweight yet provides deep hydration that lasts all day. I’ve been using it for a month, and my skin looks visibly plumper and healthier. Highly recommend for anyone with dry skin. (Rating: 5); Emma Johnson: I love the texture and how quickly it absorbs into my skin. It’s perfect under makeup, and I’ve noticed a significant improvement in my skin’s moisture levels. The only downside is the price, but it’s worth it for the results. (Rating: 4)"
"Glow Boost","Improves skin clarity and radiance with vitamin C, Reduces dark spots and hyperpigmentation over time, Protects against environmental damage with antioxidants","Vitamin C, Niacinamide, Licorice Root Extract","Vitamin C: Brightens skin and reduces dark spots., Niacinamide: Balances oil production and strengthens the skin barrier., Licorice Root Extract: Fades pigmentation and soothes irritation.","Elevate your skin’s natural luminosity with Glow Boost, an antioxidant-packed serum that brightens and evens your skin tone. Featuring a potent blend of vitamin C, niacinamide, and licorice root, it targets dark spots and delivers a healthy, youthful glow.","$50.00","Liam Carter: The Glow Boost serum is a game-changer for me! My dull skin now has a natural radiance, and the dark spots I had are barely visible. The consistency is perfect, and it smells so refreshing. I will definitely repurchase. (Rating: 5); Olivia Brown: This serum has noticeably evened out my skin tone. It feels luxurious, and I’ve received compliments on how bright my complexion looks. I just wish it came in a larger bottle. (Rating: 4)"
"Rejuvenating Eye Cream","Reduces puffiness with de-puffing caffeine technology, Brightens and revives dull under-eyes, Hydrates and softens the delicate skin around the eyes","Caffeine, Peptides, Chamomile Extract","Caffeine: Reduces puffiness and tightens skin., Peptides: Stimulates collagen production for firmer skin., Chamomile Extract: Calms and soothes the under-eye area.","A luxurious eye cream that energizes and refreshes tired eyes. Formulated with caffeine, peptides, and hydrating botanicals, it minimizes the appearance of puffiness, fine lines, and dark circles for a smoother, brighter under-eye area.","$35.00","Ava Martinez: I’ve struggled with dark circles for years, and this eye cream has been a lifesaver! Within a week, I noticed the puffiness reducing, and my under-eye area looks so much brighter. It’s now a staple in my skincare routine. (Rating: 5); Noah Wilson: The cream is very hydrating and works well for reducing puffiness. While it hasn’t completely eliminated my dark circles, there’s a noticeable improvement. A little goes a long way, so it’s great value for the price. (Rating: 4)"
"Daily Moisturizer","Provides long-lasting hydration for up to 24 hours., Reinforces the skin barrier to combat environmental stressors., Absorbs quickly without leaving a greasy finish.","Ceramides, Squalane, Shea Butter","Ceramides: Strengthen the skin barrier and lock in moisture., Squalane: Provides lightweight hydration without clogging pores., Shea Butter: Deeply nourishes and softens the skin.","Our Daily Moisturizer is the perfect companion for soft, smooth, and hydrated skin throughout the day. Infused with ceramides, squalane, and shea butter, it locks in moisture while maintaining a lightweight, non-greasy texture suitable for all skin types.","$30.00","Lucas Anderson: This moisturizer is perfect for everyday use. It’s lightweight and non-greasy, which is great for my combination skin. It keeps my skin hydrated all day without feeling heavy. Highly recommend! (Rating: 5); Amelia Moore: I’ve been using this for a couple of weeks, and my skin feels much smoother. It absorbs quickly and doesn’t leave a shiny finish. The only drawback is that it doesn’t have SPF. (Rating: 4)"
"Exfoliating Scrub","Exfoliates gently without damaging the skin barrier., Unclogs pores to prevent breakouts and blackheads., Leaves skin visibly smoother, brighter, and refreshed.","Fruit Enzymes, Jojoba Beads, Green Tea Extract","Fruit Enzymes: Naturally dissolve dead skin cells for gentle exfoliation., Jojoba Beads: Provide a mild physical exfoliation to smooth skin texture., Green Tea Extract: Rich in antioxidants to soothe and protect the skin.","Reveal radiant and refreshed skin with our gentle exfoliating scrub. Formulated with fruit enzymes, jojoba beads, and green tea extract, it removes dead skin cells, unclogs pores, and revitalizes your complexion without irritation.","$20.00","Emily Roberts: This scrub is amazing! It’s gentle but very effective. My skin feels so smooth after using it, and it doesn’t irritate my sensitive skin. I use it twice a week, and I can see a big difference in my complexion. (Rating: 5); James Clark: I like how it cleanses deeply without being too harsh. My pores feel cleaner, and my skin looks brighter. I wish it came in a bigger tube, though. (Rating: 4)"
"Refreshing Facial Toner","Balances skin pH to maintain a healthy barrier., Tightens pores and minimizes their appearance., Gently removes residual impurities for clearer skin.","Rose Water, Witch Hazel, Cucumber Extract","Rose Water: Hydrates and soothes the skin., Witch Hazel: Tightens pores and reduces inflammation., Cucumber Extract: Calms and refreshes tired skin.","Balance and revitalize your skin with our alcohol-free Refreshing Facial Toner. Powered by rose water, witch hazel, and cucumber extract, this toner tightens pores, balances skin pH, and preps your complexion for a flawless finish.","$28.00","Charlotte Evans: This toner is a must-have in my skincare routine. It’s refreshing and leaves my skin feeling so clean and smooth. I’ve noticed my pores look smaller, and it doesn’t dry out my skin. (Rating: 5); William King: A great toner for everyday use. It’s gentle and does a good job at removing any leftover makeup. My skin feels balanced after using it. (Rating: 4)"
"Nourishing Shampoo","Strengthens and repairs hair from root to tip., Adds natural shine without weighing hair down., Sulfate-free formula suitable for daily use and sensitive scalps.","Argan Oil, Keratin, Aloe Vera","Argan Oil: Deeply nourishes and restores shine., Keratin: Strengthens and repairs damaged hair fibers., Aloe Vera: Soothes the scalp and provides lightweight hydration.","Transform your hair care routine with our Nourishing Shampoo, enriched with argan oil, keratin, and aloe vera. This sulfate-free formula gently cleanses, strengthens, and restores shine, leaving your hair soft, healthy, and manageable.","$22.00","Daniel Hall: This shampoo has been a game-changer for my hair! It feels stronger and looks shinier than ever. I love that it’s sulfate-free and gentle enough for daily use. (Rating: 5); Ella Harris: My hair feels softer and more manageable after using this. The scent is lovely, and it’s great for someone like me with sensitive scalp issues. (Rating: 4)"
"Jade Roller","Stimulates blood circulation for a natural glow., Reduces puffiness and soothes facial tension., Enhances product absorption and improves skin texture.","100% Natural Jade","100% Natural Jade: Known for its cooling properties and ability to promote lymphatic drainage.","Elevate your skincare routine with our luxurious Jade Roller, crafted from 100% natural jade stone. This skincare tool improves circulation, reduces puffiness, and promotes lymphatic drainage, leaving your skin refreshed and radiant.","$75.00","Lily Wright: I love using this Jade Roller as part of my morning routine. It feels so soothing and helps reduce puffiness around my eyes. My skin has a healthy glow after using it. (Rating: 5); Ethan Scott: This roller is a great addition to my skincare routine. It’s relaxing to use, and I’ve noticed an improvement in my skin texture. It’s a bit pricey, but the quality is excellent. (Rating: 4)"
"Clarifying Shampoo","Deeply cleanses scalp and removes stubborn buildup., Balances moisture levels to prevent dryness., Safe for color-treated hair and gentle on the scalp.","Tea Tree Oil, Aloe Vera, Panthenol","Tea Tree Oil: Provides deep cleansing and a refreshing feel., Aloe Vera: Soothes and hydrates the scalp., Panthenol: Strengthens hair and improves elasticity.","Achieve a fresh, clean scalp with our Clarifying Shampoo, designed to remove product buildup and impurities without stripping moisture. Enriched with tea tree oil and aloe vera, it refreshes and balances your hair and scalp.","$24.00","Zoe Adams: This shampoo has made such a difference in my hair care routine! My scalp feels cleaner, and it’s great for removing buildup from styling products. Perfect for occasional deep cleaning. (Rating: 5); Jack Roberts: I like how it deeply cleanses without stripping my hair of moisture. My hair feels fresh and light after using it. I’ll definitely keep using this. (Rating: 4)"
"Brightening Toner","Brightens and evens skin tone for a radiant complexion., Reduces dark spots and hyperpigmentation., Hydrates and balances skin pH for a healthy glow.","Vitamin C, Licorice Root, Witch Hazel","Vitamin C: Brightens skin and fights free radicals., Licorice Root: Reduces discoloration and soothes irritation., Witch Hazel: Minimizes pores and refines skin texture.","Transform your skincare routine with our Brightening Toner. Infused with vitamin C, licorice root, and witch hazel, this toner evens out skin tone, reduces the appearance of dark spots, and leaves your skin glowing with vitality.","$30.00","Chloe Watson: This toner has significantly brightened my complexion. It’s gentle yet effective, and I’ve noticed a visible reduction in dark spots. Highly recommend! (Rating: 5); Benjamin Walker: I’ve been using this toner for a few weeks, and my skin tone looks more even. It’s lightweight and absorbs quickly. It’s a great addition to my skincare routine. (Rating: 4)"
"Herbal Shampoo","Strengthens hair from the roots to reduce breakage., Restores natural shine for healthier-looking hair., Gentle formula suitable for sensitive scalps.","Botanical Extracts, Coconut Oil, Aloe Vera","Botanical Extracts: Provide essential nutrients for hair health., Coconut Oil: Deeply nourishes and adds shine., Aloe Vera: Hydrates and soothes the scalp.","Nourish and cleanse your hair with our Herbal Shampoo, infused with botanical extracts and essential oils. This gentle formula strengthens roots, restores shine, and leaves your hair feeling naturally refreshed.","$19.00","Grace Young: This herbal shampoo is amazing! My hair feels softer and healthier after every wash. The natural scent is a bonus. It’s now my go-to shampoo. (Rating: 5); Michael Turner: I like how gentle this shampoo is on my hair. It lathers well and leaves my scalp feeling clean. It’s a great value for the price. (Rating: 4)"
"Gentle Hair Mask","Provides deep hydration to combat dryness and frizz., Repairs and strengthens hair for improved elasticity., Restores natural shine for a polished finish.","Argan Oil, Keratin, Shea Butter","Argan Oil: Deeply moisturizes and tames frizz., Keratin: Repairs damage and strengthens hair strands., Shea Butter: Provides intense hydration and nourishment.","Replenish and rejuvenate your hair with our Gentle Hair Mask. This deeply hydrating mask reduces frizz, repairs damage, and restores shine, leaving your hair smooth, silky, and healthy-looking.","$35.00","Hannah Wright: This hair mask is a lifesaver for my dry, frizzy hair. It leaves my hair feeling so soft and manageable. I use it once a week, and the results are fantastic. (Rating: 5); Matthew Carter: The mask works well for reducing frizz and adding shine to my hair. It’s very hydrating and smells great. I just wish the jar was a bit larger. (Rating: 4)"
"Herbal Body Wash","Provides a gentle yet thorough cleanse for all skin types., Infused with natural botanicals to hydrate and refresh., Leaves a lingering herbal aroma for an energizing start to your day.","Aloe Vera, Coconut-Based Cleansers, Essential Oils","Aloe Vera: Hydrates and soothes the skin., Coconut-Based Cleansers: Provide a gentle and effective cleanse., Essential Oils: Add a refreshing scent and nourish the skin.","Begin your day with the invigorating scent of our Herbal Body Wash. Formulated with plant-based cleansers and essential oils, it gently cleanses, hydrates, and revitalizes your skin, leaving it soft, fresh, and glowing.","$18.00","Harper Bell: I absolutely love this body wash! It leaves my skin feeling clean and moisturized without any residue. The herbal scent is so refreshing and energizing. (Rating: 5); Alexander Davis: This body wash is great for daily use. It’s gentle on my skin and perfect for keeping my skin hydrated all day. (Rating: 4)"
"Repairing Night Cream","Repairs skin overnight for a rejuvenated appearance., Locks in moisture to keep skin hydrated through the night., Non-greasy formula ensures comfort for all skin types.","Peptides, Hyaluronic Acid, Ceramides","Peptides: Stimulate collagen production for firmer skin., Hyaluronic Acid: Provides deep hydration and plumps skin., Ceramides: Strengthen the skin barrier to retain moisture.","Wake up to radiant and healthier skin with our Repairing Night Cream. Enriched with peptides, hyaluronic acid, and ceramides, it works overnight to repair damage, deeply hydrate, and enhance skin elasticity for a smoother, younger-looking complexion.","$40.00","Alexa Green: This night cream has been a game-changer for my skin. I wake up every morning with hydrated, plump, and glowing skin. It has significantly lightened my acne scars and improved my skin texture over time. The non-greasy formula is perfect for someone like me with combination skin. (Rating: 5); Serena White: Unfortunately, this cream didn’t work well for my sensitive skin. It caused redness and irritation after a few nights of use. While it feels nice initially, the fragrance is too strong for my liking. I had to discontinue using it. (Rating: 2)"
"Vitamin C Serum","Brightens the complexion and reduces dark spots., Provides antioxidant protection against free radicals., Boosts hydration and promotes an even skin tone.","Vitamin C, Ferulic Acid, Hyaluronic Acid","Vitamin C: Brightens skin and fades pigmentation., Ferulic Acid: Enhances antioxidant efficacy to protect skin., Hyaluronic Acid: Hydrates and plumps skin for a smoother texture.","Illuminate your complexion with our potent Vitamin C Serum. Powered by a blend of vitamin C, ferulic acid, and hyaluronic acid, it brightens dark spots, evens skin tone, and protects against environmental stressors for visibly radiant skin.","$55.00","Anushri Patel: The Vitamin C Serum is by far the best I’ve used! My dark spots have lightened visibly within three weeks of use. The serum absorbs quickly, and my skin looks radiant and healthier. I also appreciate the antioxidant properties that keep my skin protected throughout the day. (Rating: 5); Edward Jones: While the serum does brighten my skin slightly, I haven’t noticed significant improvement in my dark spots. It’s a bit sticky, which makes it hard to layer with other products. For the price, I expected better results. (Rating: 3)"
"Soothing Aloe Gel","Instantly soothes and cools irritated skin., Hydrates without leaving a sticky residue., Reduces redness and supports skin recovery.","Aloe Vera, Green Tea Extract, Glycerin","Aloe Vera: Provides intense hydration and soothes irritation., Green Tea Extract: Offers antioxidant protection and calms skin., Glycerin: Locks in moisture for lasting comfort.","Calm and hydrate irritated skin with our Soothing Aloe Gel. Enriched with pure aloe vera and green tea extract, this lightweight gel instantly relieves redness, sunburn, and dryness for a refreshed, comfortable feel.","$16.00","Maya Singh: This gel is a lifesaver after sun exposure! It absorbs quickly and leaves my skin feeling cool and hydrated. I use it daily for any irritation. (Rating: 5); Ryan Kim: Very soothing and lightweight. Great for sensitive skin. I wish the bottle was bigger. (Rating: 4)"
"Purifying Clay Mask","Deeply cleanses pores and removes excess oil., Detoxifies skin for a clearer complexion., Minimizes the appearance of pores.","Kaolin Clay, Charcoal, Tea Tree Oil","Kaolin Clay: Absorbs oil and purifies skin., Charcoal: Draws out toxins and impurities., Tea Tree Oil: Helps prevent breakouts and soothes skin.","Detoxify and refine your skin with our Purifying Clay Mask. Formulated with kaolin clay, charcoal, and tea tree oil, it draws out impurities, minimizes pores, and leaves your complexion clear and balanced.","$27.00","Sophia Turner: My skin feels so clean and refreshed after using this mask. It really helps with my oily T-zone and breakouts. (Rating: 5); David Lee: Great for deep cleaning. It can be a bit drying, so I use it once a week. Pores look smaller! (Rating: 4)"
"Volumizing Shampoo","Adds volume and body to fine or limp hair., Strengthens hair strands to reduce breakage., Lightweight formula for daily use.","Biotin, Collagen, Bamboo Extract","Biotin: Supports healthy hair growth and thickness., Collagen: Strengthens and plumps hair fibers., Bamboo Extract: Adds natural volume and shine.","Give your hair a boost with our Volumizing Shampoo. Formulated with biotin, collagen, and bamboo extract, it lifts roots, adds body, and leaves hair looking fuller and more vibrant.","$23.00","Sophie Miller: This shampoo really gives my hair a lift! It feels thicker and looks so much fuller. Love the fresh scent too. (Rating: 5); Henry Brooks: Great for adding volume without weighing my hair down. I use it every other day and see a noticeable difference. (Rating: 4)"
"Color Protect Shampoo","Protects color-treated hair from fading., Shields hair from UV and environmental stressors., Keeps hair soft, shiny, and manageable.","Sunflower Seed Extract, UV Filters, Vitamin E","Sunflower Seed Extract: Provides antioxidant protection and color retention., UV Filters: Defend hair from sun damage., Vitamin E: Nourishes and adds shine.","Preserve your hair color and vibrancy with our Color Protect Shampoo. Enriched with sunflower seed extract and UV filters, it gently cleanses while protecting against fading and environmental damage.","$26.00","Isabella Reed: My color lasts so much longer with this shampoo! It keeps my hair soft and shiny, and I love the gentle formula. (Rating: 5); Mason Clark: Perfect for my dyed hair. It doesn’t strip the color and leaves my hair feeling healthy. (Rating: 4)"
"Citrus Burst Body Wash","Gently cleanses without stripping moisture., Infused with citrus extracts for a refreshing scent., Leaves skin feeling soft and invigorated.","Orange Extract, Grapefruit Extract, Coconut-Based Cleansers","Orange Extract: Brightens and refreshes skin., Grapefruit Extract: Provides antioxidant protection., Coconut-Based Cleansers: Ensure a gentle, effective cleanse.","Energize your shower routine with our Citrus Burst Body Wash. Infused with orange and grapefruit extracts, it gently cleanses and revitalizes your skin, leaving it soft, refreshed, and delicately scented.","$20.00","Sienna Brooks: Love the fresh citrus scent! My skin feels clean and soft after every use. Perfect for a morning pick-me-up. (Rating: 5); Logan Murphy: Very gentle and smells amazing. I wish the scent lasted a bit longer, but overall a great body wash. (Rating: 4)"
"Calming Lavender Body Wash","Soothes and calms sensitive skin., Hydrates while cleansing., Lavender aroma promotes relaxation.","Lavender Oil, Chamomile Extract, Aloe Vera","Lavender Oil: Calms and soothes skin., Chamomile Extract: Reduces irritation and hydrates., Aloe Vera: Provides moisture and comfort.","Unwind with our Calming Lavender Body Wash. Enriched with lavender oil and chamomile, it soothes the senses and gently cleanses, leaving your skin calm, hydrated, and delicately fragranced.","$21.00","Olivia Bennett: Perfect for my evening shower routine. The lavender scent is so relaxing and my skin feels nourished. (Rating: 5); Ethan Parker: Very gentle and calming. Great for sensitive skin, but I wish it lathered a bit more. (Rating: 4)"
"Pore Refining Toner","Minimizes the appearance of pores., Controls excess oil and shine., Soothes and balances skin.","Witch Hazel, Niacinamide, Green Tea","Witch Hazel: Tightens pores and reduces inflammation., Niacinamide: Balances oil and improves skin texture., Green Tea Extract: Calms and protects skin.","Refine and refresh your complexion with our Pore Refining Toner. Formulated with witch hazel, niacinamide, and green tea, it minimizes pores, balances oil, and leaves skin feeling clean and smooth.","$29.00","Megan Foster: My pores look smaller and my skin feels so fresh! Great for oily skin types. (Rating: 5); Aiden Ross: Helps control shine throughout the day. I use it every morning and love the results. (Rating: 4)"
"Hydrating Rose Toner","Deeply hydrates and refreshes skin., Soothes redness and irritation., Prepares skin for better absorption of serums and creams.","Rose Water, Hyaluronic Acid, Allantoin","Rose Water: Hydrates and calms skin., Hyaluronic Acid: Locks in moisture for lasting hydration., Allantoin: Softens and soothes sensitive skin.","Quench your skin with our Hydrating Rose Toner. Infused with pure rose water and hyaluronic acid, it replenishes moisture, soothes irritation, and leaves your complexion dewy and refreshed.","$32.00","Ella Morgan: My skin feels so hydrated and soft after using this toner. The rose scent is light and lovely. (Rating: 5); Jacob Lee: Very refreshing and gentle. Great for layering under moisturizer. (Rating: 4)"
"Ultra Rich Face Cream","Deeply nourishes and repairs dry skin., Strengthens the skin barrier for lasting hydration., Leaves skin soft, smooth, and comfortable.","Shea Butter, Jojoba Oil, Ceramides","Shea Butter: Provides rich moisture and soothes dryness., Jojoba Oil: Balances and softens skin., Ceramides: Reinforce the skin barrier and lock in hydration.","Experience intense nourishment with our Ultra Rich Face Cream. Formulated with shea butter, jojoba oil, and ceramides, it deeply hydrates, repairs dry patches, and leaves your skin feeling soft, supple, and protected all day.","$42.00","Natalie Brooks: This cream is a lifesaver for my dry skin! It absorbs well and keeps my face hydrated all day. Highly recommend for winter months. (Rating: 5); Samuel Lee: Very moisturizing and gentle. Works great as a night cream too. (Rating: 4)"
"Matte Finish Moisturizer","Hydrates without clogging pores., Controls excess oil and shine., Minimizes the appearance of pores.","Niacinamide, Green Tea Extract, Silica","Niacinamide: Balances oil and improves skin texture., Green Tea Extract: Calms and protects skin., Silica: Absorbs excess oil for a matte look.","Control shine and hydrate with our Matte Finish Moisturizer. Lightweight and oil-free, it features niacinamide and green tea to balance oil production, minimize pores, and leave your skin with a smooth, matte finish.","$34.00","Derek Chan: Perfect for my oily skin! Keeps me matte all day and feels very light. (Rating: 5); Priya Patel: Nice texture and really helps with shine. I use it under makeup every morning. (Rating: 4)"
"Sensitive Skin Barrier Cream","Calms and soothes sensitive or irritated skin., Repairs and strengthens the skin barrier., Reduces redness and discomfort.","Oat Extract, Panthenol, Ceramides","Oat Extract: Soothes and relieves irritation., Panthenol: Supports skin recovery and hydration., Ceramides: Restore and protect the skin barrier.","Soothe and protect sensitive skin with our Barrier Cream. Enriched with oat extract, panthenol, and ceramides, it calms irritation, reduces redness, and restores the skin’s natural barrier for lasting comfort.","$38.00","Marta Novak: My skin feels calm and comfortable after using this. No more redness or stinging! (Rating: 5); Jonas Müller: Great for sensitive skin. It’s rich but not greasy. (Rating: 4)"
"Firming Peptide Serum","Visibly firms and lifts sagging skin., Smooths fine lines and wrinkles., Boosts collagen production for long-term results.","Peptides, Vitamin E, Collagen","Peptides: Stimulate collagen and elastin synthesis., Vitamin E: Provides antioxidant protection., Collagen: Improves skin elasticity and texture.","Revitalize your skin with our Firming Peptide Serum. Packed with advanced peptides, collagen boosters, and antioxidants, it visibly firms, lifts, and smooths for a youthful, radiant complexion.","$60.00","Julia Kim: My skin feels firmer and looks smoother after just a few weeks. Love the lightweight texture! (Rating: 5); Markus Weber: Noticeable improvement in skin texture. A bit pricey, but worth it for the results. (Rating: 4)"
"Blemish Control Serum","Clears and prevents breakouts., Reduces redness and inflammation., Unclogs pores for smoother skin.","Salicylic Acid, Niacinamide, Tea Tree Oil","Salicylic Acid: Exfoliates and clears pores., Niacinamide: Calms and balances skin., Tea Tree Oil: Fights bacteria and soothes irritation.","Target breakouts and blemishes with our Blemish Control Serum. Featuring salicylic acid, niacinamide, and tea tree oil, it unclogs pores, reduces redness, and promotes a clearer, healthier complexion.","$38.00","Sara Lopez: This serum keeps my acne under control without drying my skin. Highly recommend for oily skin! (Rating: 5); Tommy Nguyen: Works well for spot treatment. Gentle enough for daily use. (Rating: 4)"
"Multi-Repair Serum","Reduces fine lines and wrinkles., Improves skin texture and tone., Strengthens the skin barrier.","Retinol, Bakuchiol, Ceramides","Retinol: Accelerates cell turnover for smoother skin., Bakuchiol: Plant-based retinol alternative for gentle renewal., Ceramides: Restore and protect the skin barrier.","Experience comprehensive skin renewal with our Multi-Repair Serum. Formulated with retinol, bakuchiol, and ceramides, it targets signs of aging, improves texture, and restores a youthful glow.","$65.00","Emily Zhang: My skin looks brighter and feels smoother. No irritation, even with daily use! (Rating: 5); Lucas Meyer: Great anti-aging serum. Saw visible results in a month. (Rating: 4)"
"Calming Chamomile Cream","Calms and soothes irritated skin., Reduces redness and discomfort., Provides deep hydration for sensitive skin.","Chamomile Extract, Allantoin, Shea Butter","Chamomile Extract: Calms and reduces inflammation., Allantoin: Promotes skin healing and comfort., Shea Butter: Deeply hydrates and nourishes.","Soothe and comfort sensitive skin with our Calming Chamomile Cream. Enriched with chamomile extract, allantoin, and shea butter, it reduces redness, calms irritation, and deeply hydrates for a balanced, healthy complexion.","$36.00","Anna Fischer: This cream is perfect for my sensitive skin. It calms redness instantly and keeps my skin soft all day. (Rating: 5); Luca Rossi: Very gentle and moisturizing. I use it every night and my skin feels much healthier. (Rating: 4)"
"Radiance Renewal Cream","Brightens and evens skin tone., Deeply hydrates for a radiant complexion., Reduces the appearance of dark spots.","Vitamin C, Licorice Root, Hyaluronic Acid","Vitamin C: Brightens and fights free radicals., Licorice Root: Reduces discoloration., Hyaluronic Acid: Provides lasting hydration.","Brighten and renew your complexion with our Radiance Renewal Cream. Infused with vitamin C, licorice root, and hyaluronic acid, it targets dullness, evens skin tone, and delivers lasting moisture for a luminous glow.","$44.00","Mia Chen: My skin looks brighter and feels so soft. The cream absorbs quickly and gives a healthy glow. (Rating: 5); Jonas Schmidt: Great for dull skin. I noticed a difference in my skin tone after two weeks. (Rating: 4)"
"Balancing Oil-Free Cream","Hydrates without clogging pores., Controls excess oil and shine., Minimizes the appearance of pores.","Niacinamide, Green Tea Extract, Silica","Niacinamide: Balances oil and improves skin texture., Green Tea Extract: Calms and protects skin., Silica: Absorbs excess oil for a matte look.","Control shine and hydrate with our Balancing Oil-Free Cream. Lightweight and non-comedogenic, it features niacinamide and green tea to balance oil production, minimize pores, and leave your skin with a smooth, matte finish.","$33.00","Sophie Müller: Perfect for my oily skin! Keeps me matte all day and feels very light. (Rating: 5); Priya Patel: Nice texture and really helps with shine. I use it under makeup every morning. (Rating: 4)"
